brand,name,bodyType,seatingCapacity
Maruti Suzuki,800,HATCHBACK,4
Maruti Suzuki,Alto,HATCHBACK,5
Maruti Suzuki,Alto K10,HATCHBACK,5
Maruti Suzuki,A-Star,HATCHBACK,5
Maruti Suzuki,Celerio,HATCHBACK,5
Maruti Suzuki,Celerio X,HATCHBACK,5
Maruti Suzuki,S-Presso,HATCHBACK,5
Maruti Suzuki,WagonR,HATCHBACK,5
Maruti Suzuki,Zen,HATCHBACK,5
Maruti Suzuki,Zen Estilo,HATCHBACK,5
Maruti Suzuki,Ritz,HATCHBACK,5
Maruti Suzuki,Swift,HATCHBACK,5
Maruti Suzuki,Baleno,HATCHBACK,5
Maruti Suzuki,Fronx,CROSSOVER,5
Maruti Suzuki,Ignis,HATCHBACK,5
Maruti Suzuki,Dzire,SEDAN,5
Maruti Suzuki,Ciaz,SEDAN,5
Maruti Suzuki,Esteem,SEDAN,5
Maruti Suzuki,Kizashi,SEDAN,5
Maruti Suzuki,SX4,SEDAN,5
Maruti Suzuki,Brezza,SUV,5
Maruti Suzuki,Vitara Brezza,SUV,5
Maruti Suzuki,Grand Vitara,SUV,5
Maruti Suzuki,Gypsy,SUV,4
Maruti Suzuki,Jimny,SUV,4
Maruti Suzuki,Ertiga,MPV,7
Maruti Suzuki,XL6,MPV,6
Maruti Suzuki,Invicto,MPV,7
Maruti Suzuki,Eeco,VAN,5
Maruti Suzuki,Eeco Cargo,VAN,2
Maruti Suzuki,Omni,VAN,8
Maruti Suzuki,Versa,VAN,7
Hyundai,Santro,HATCHBACK,5
Hyundai,Santro Xing,HATCHBACK,5
Hyundai,Eon,HATCHBACK,5
Hyundai,i10,HATCHBACK,5
Hyundai,Grand i10,HATCHBACK,5
Hyundai,Grand i10 Nios,HATCHBACK,5
Hyundai,i20,HATCHBACK,5
Hyundai,Elite i20,HATCHBACK,5
Hyundai,i20 Active,CROSSOVER,5
Hyundai,i20 N Line,HATCHBACK,5
Hyundai,Getz,HATCHBACK,5
Hyundai,Accent,SEDAN,5
Hyundai,Verna,SEDAN,5
Hyundai,Aura,SEDAN,5
Hyundai,Xcent,SEDAN,5
Hyundai,Elantra,SEDAN,5
Hyundai,Sonata,SEDAN,5
Hyundai,Venue,SUV,5
Hyundai,Venue N Line,SUV,5
Hyundai,Creta,SUV,5
Hyundai,Creta N Line,SUV,5
Hyundai,Alcazar,SUV,7
Hyundai,Exter,SUV,5
Hyundai,Tucson,SUV,5
Hyundai,Santa Fe,SUV,7
Hyundai,Terracan,SUV,7
Hyundai,Kona Electric,SUV,5
Hyundai,Ioniq 5,SUV,5
Tata,Nano,HATCHBACK,4
Tata,Tiago,HATCHBACK,5
Tata,Tiago EV,HATCHBACK,5
Tata,Altroz,HATCHBACK,5
Tata,Altroz Racer,HATCHBACK,5
Tata,Indica,HATCHBACK,5
Tata,Indica V2,HATCHBACK,5
Tata,Indica Vista,HATCHBACK,5
Tata,Bolt,HATCHBACK,5
Tata,Zest,SEDAN,5
Tata,Tigor,SEDAN,5
Tata,Tigor EV,SEDAN,5
Tata,Indigo,SEDAN,5
Tata,Indigo CS,SEDAN,5
Tata,Manza,SEDAN,5
Tata,Punch,SUV,5
Tata,Punch EV,SUV,5
Tata,Nexon,SUV,5
Tata,Nexon EV,SUV,5
Tata,Harrier,SUV,5
Tata,Safari,SUV,7
Tata,Hexa,SUV,7
Tata,Sumo,SUV,7
Tata,Sumo Gold,SUV,7
Tata,Movus,MUV,7
Tata,Aria,MUV,7
Tata,Magic,VAN,8
Mahindra,Bolero,SUV,7
Mahindra,Bolero Neo,SUV,7
Mahindra,Bolero Camper,PICKUP,5
Mahindra,Scorpio,SUV,7
Mahindra,Scorpio Getaway,PICKUP,5
Mahindra,Scorpio Classic,SUV,7
Mahindra,Scorpio N,SUV,7
Mahindra,XUV300,SUV,5
Mahindra,XUV 3XO,SUV,5
Mahindra,XUV400 EV,SUV,5
Mahindra,XUV500,SUV,7
Mahindra,XUV700,SUV,7
Mahindra,Thar,SUV,4
Mahindra,Thar Roxx,SUV,5
Mahindra,Marazzo,MPV,8
Mahindra,KUV100,HATCHBACK,6
Mahindra,KUV100 NXT,HATCHBACK,6
Mahindra,TUV300,SUV,7
Mahindra,Quanto,SUV,7
Mahindra,NuvoSport,SUV,7
Mahindra,Verito,SEDAN,5
Mahindra,Verito Vibe,HATCHBACK,5
Mahindra,Logan,SEDAN,5
Mahindra,Alturas G4,SUV,7
Mahindra,Xylo,MPV,8
Mahindra,Imperio,PICKUP,5
Mahindra,Genio,PICKUP,5
Mahindra,Jeeto Mini Van,VAN,5
Mahindra,Supro Van,VAN,8
Mahindra,Supro Mini Van,VAN,8
Mahindra,eVerito,SEDAN,5
Toyota,Starlet,HATCHBACK,5
Toyota,Glanza,HATCHBACK,5
Toyota,Etios Liva,HATCHBACK,5
Toyota,Yaris,SEDAN,5
Toyota,Etios,SEDAN,5
Toyota,Corolla,SEDAN,5
Toyota,Corolla Altis,SEDAN,5
Toyota,Camry,SEDAN,5
Toyota,Prius,SEDAN,5
Toyota,Urban Cruiser,SUV,5
Toyota,Urban Cruiser Hyryder,SUV,5
Toyota,Raize,SUV,5
Toyota,Rush,SUV,7
Toyota,Fortuner,SUV,7
Toyota,Fortuner Legender,SUV,7
Toyota,Land Cruiser,SUV,7
Toyota,Land Cruiser Prado,SUV,7
Toyota,Hilux,PICKUP,5
Toyota,Innova,MPV,7
Toyota,Innova Crysta,MPV,7
Toyota,Innova Hycross,MPV,7
Toyota,Rumion,MPV,7
Toyota,Vellfire,MPV,7
Toyota,Qualis,MPV,8
Toyota,Commuter,VAN,12
Honda,Brio,HATCHBACK,5
Honda,Jazz,HATCHBACK,5
Honda,City,SEDAN,5
Honda,City Hybrid,SEDAN,5
Honda,Amaze,SEDAN,5
Honda,Civic,SEDAN,5
Honda,Accord,SEDAN,5
Honda,WR-V,SUV,5
Honda,Elevate,SUV,5
Honda,BR-V,SUV,7
Honda,CR-V,SUV,5
Honda,HR-V,SUV,5
Honda,Mobilio,MPV,7
Honda,Freed,MPV,7
Honda,Passport,SUV,5
Honda,Pilot,SUV,8
Honda,Odyssey,MPV,8
Honda,e,HATCHBACK,5
Kia,Sonet,SUV,5
Kia,Seltos,SUV,5
Kia,Carens,MPV,7
Kia,Carnival,MPV,7
Kia,Syros,SUV,5
Kia,EV6,SUV,5
Kia,EV9,SUV,7
Kia,Clavis,SUV,5
Kia,Rio,HATCHBACK,5
Kia,Rio Sedan,SEDAN,5
Kia,Ceed,HATCHBACK,5
Kia,Sportage,SUV,5
Kia,Sorento,SUV,7
Kia,Picanto,HATCHBACK,5
Kia,Stinger,SEDAN,5
MG,Hector,SUV,5
MG,Hector Plus,SUV,7
MG,Astor,SUV,5
MG,ZS EV,SUV,5
MG,Comet EV,HATCHBACK,4
MG,Gloster,SUV,7
MG,MG3,HATCHBACK,5
MG,MG4 EV,HATCHBACK,5
MG,MG5,SEDAN,5
MG,Marvel R,SUV,5
MG,HS,SUV,5
MG,RX8,SUV,7
Renault,Kwid,HATCHBACK,5
Renault,Pulse,HATCHBACK,5
Renault,Sandero,HATCHBACK,5
Renault,Clio,HATCHBACK,5
Renault,Megane,HATCHBACK,5
Renault,Fluence,SEDAN,5
Renault,Scala,SEDAN,5
Renault,Logan,SEDAN,5
Renault,Duster,SUV,5
Renault,Kiger,SUV,5
Renault,Captur,SUV,5
Renault,Koleos,SUV,5
Renault,Triber,MPV,7
Renault,Lodgy,MPV,7
Renault,Kangoo,VAN,5
Renault,Symbol,SEDAN,5
Renault,Talisman,SEDAN,5
Renault,Arkana,SUV,5
Nissan,Micra,HATCHBACK,5
Nissan,Micra Active,HATCHBACK,5
Nissan,Pixo,HATCHBACK,5
Nissan,March,HATCHBACK,5
Nissan,Sunny,SEDAN,5
Nissan,Teana,SEDAN,5
Nissan,Altima,SEDAN,5
Nissan,Maxima,SEDAN,5
Nissan,Magnite,SUV,5
Nissan,Kicks,SUV,5
Nissan,X-Trail,SUV,7
Nissan,Patrol,SUV,8
Nissan,Terrano,SUV,5
Nissan,Juke,SUV,5
Nissan,Qashqai,SUV,5
Nissan,Murano,SUV,5
Nissan,Leaf,HATCHBACK,5
Nissan,Evalia,MPV,7
Nissan,NV200,VAN,7
Nissan,GT-R,COUPE,4
Skoda,Fabia,HATCHBACK,5
Skoda,Rapid,SEDAN,5
Skoda,Slavia,SEDAN,5
Skoda,Laura,SEDAN,5
Skoda,Octavia,SEDAN,5
Skoda,Superb,SEDAN,5
Skoda,Kylaq,SUV,5
Skoda,Kushaq,SUV,5
Skoda,Yeti,SUV,5
Skoda,Karoq,SUV,5
Skoda,Kodiaq,SUV,7
Skoda,Enyaq iV,SUV,5
Skoda,Roomster,MPV,5
Skoda,Scala,HATCHBACK,5
Skoda,Citigo,HATCHBACK,5
Skoda,Felicia,HATCHBACK,5
Skoda,Vision IN,SUV,5
Volkswagen,Polo,HATCHBACK,5
Volkswagen,Beetle,HATCHBACK,4
Volkswagen,Golf,HATCHBACK,5
Volkswagen,up!,HATCHBACK,4
Volkswagen,Vento,SEDAN,5
Volkswagen,Virtus,SEDAN,5
Volkswagen,Jetta,SEDAN,5
Volkswagen,Passat,SEDAN,5
Volkswagen,Arteon,SEDAN,5
Volkswagen,Ameo,SEDAN,5
Volkswagen,Taigun,SUV,5
Volkswagen,T-Cross,SUV,5
Volkswagen,Tiguan,SUV,5
Volkswagen,Tiguan Allspace,SUV,7
Volkswagen,Touareg,SUV,5
Volkswagen,ID.4,SUV,5
Volkswagen,ID.6,SUV,7
Volkswagen,Touran,MPV,7
Volkswagen,Sharan,MPV,7
Volkswagen,Caddy,VAN,7
Volkswagen,Transporter,VAN,9
Volkswagen,Multivan,VAN,7
Ford,Figo,HATCHBACK,5
Ford,Figo Aspire,SEDAN,5
Ford,Aspire,SEDAN,5
Ford,Freestyle,CROSSOVER,5
Ford,Fusion,CROSSOVER,5
Ford,Ikon,SEDAN,5
Ford,Classic,SEDAN,5
Ford,Fiesta,SEDAN,5
Ford,Fiesta Classic,SEDAN,5
Ford,Mondeo,SEDAN,5
Ford,Escort,SEDAN,5
Ford,Ka,HATCHBACK,5
Ford,Puma,SUV,5
Ford,EcoSport,SUV,5
Ford,Endeavour,SUV,7
Ford,Everest,SUV,7
Ford,Territory,SUV,5
Ford,Edge,SUV,5
Ford,Explorer,SUV,7
Ford,Expedition,SUV,8
Ford,Bronco,SUV,5
Ford,Bronco Sport,SUV,5
Ford,Kuga,SUV,5
Ford,Mustang,COUPE,4
Ford,Mustang Mach-E,SUV,5
Ford,Ranger,PICKUP,5
Ford,Ranger Raptor,PICKUP,5
Ford,F-150,PICKUP,5
Ford,F-150 Lightning,PICKUP,5
Ford,Super Duty,PICKUP,5
Ford,E-Series,VAN,12
Ford,Transit,VAN,12
Chevrolet,Spark,HATCHBACK,5
Chevrolet,Beat,HATCHBACK,5
Chevrolet,Sail Hatchback,HATCHBACK,5
Chevrolet,Aveo U-VA,HATCHBACK,5
Chevrolet,Cruze Hatchback,HATCHBACK,5
Chevrolet,Optra Magnum,SEDAN,5
Chevrolet,Optra,SEDAN,5
Chevrolet,Aveo,SEDAN,5
Chevrolet,Sail,SEDAN,5
Chevrolet,Cruze,SEDAN,5
Chevrolet,Malibu,SEDAN,5
Chevrolet,Impala,SEDAN,5
Chevrolet,Cobalt,SEDAN,5
Chevrolet,Prisma,SEDAN,5
Chevrolet,Tavera,MUV,10
Chevrolet,Enjoy,MPV,7
Chevrolet,Captiva,SUV,7
Chevrolet,Trailblazer,SUV,7
Chevrolet,Trax,SUV,5
Chevrolet,Tracker,SUV,5
Chevrolet,Equinox,SUV,5
Chevrolet,Traverse,SUV,8
Chevrolet,Tahoe,SUV,8
Chevrolet,Suburban,SUV,9
Chevrolet,Blazer,SUV,5
Chevrolet,Groove,SUV,5
Chevrolet,Spin,MPV,7
Chevrolet,Orlando,MPV,7
Chevrolet,Colorado,PICKUP,5
Chevrolet,Silverado,PICKUP,5
Chevrolet,Corvette,COUPE,2
Chevrolet,Camaro,COUPE,4
Chevrolet,Bolt EV,HATCHBACK,5
Chevrolet,Menlo,HATCHBACK,5
Chevrolet,Express,VAN,12
Jeep,Compass,SUV,5
Jeep,Meridian,SUV,7
Jeep,Wrangler,SUV,5
Jeep,Grand Cherokee,SUV,5
Jeep,Cherokee,SUV,5
Jeep,Renegade,SUV,5
Jeep,Commander,SUV,7
Jeep,Gladiator,PICKUP,5
Jeep,Patriot,SUV,5
Jeep,Liberty,SUV,5
Jeep,Wagoneer,SUV,8
Jeep,Grand Wagoneer,SUV,8
Citroen,C3,HATCHBACK,5
Citroen,eC3,HATCHBACK,5
Citroen,C3 Aircross,SUV,5
Citroen,Basalt,SUV,5
Citroen,C5 Aircross,SUV,5
Citroen,C4,HATCHBACK,5
Citroen,C4 Cactus,SUV,5
Citroen,C5 X,SEDAN,5
Citroen,Berlingo,VAN,7
Citroen,Spacetourer,VAN,8
BYD,e6,MPV,5
BYD,Atto 3,SUV,5
BYD,Dolphin,HATCHBACK,5
BYD,Seal,SEDAN,5
BYD,Sealion 7,SUV,5
BYD,Tang,SUV,7
BYD,Han,SEDAN,5
BYD,Qin Plus,SEDAN,5
BYD,Yuan Plus,SUV,5
BYD,Song Plus,SUV,5
BYD,Destroyer 05,SEDAN,5
Isuzu,D-Max,PICKUP,5
Isuzu,V-Cross,PICKUP,5
Isuzu,Hi-Lander,PICKUP,5
Isuzu,MU-7,SUV,7
Isuzu,MU-X,SUV,7
Isuzu,Panther,SUV,7
Isuzu,Traviz,PICKUP,2
Force Motors,Gurkha,SUV,4
Force Motors,Gurkha 5 Door,SUV,7
Force Motors,Trax Cruiser,MUV,10
Force Motors,Trax Toofan,MUV,10
Force Motors,Citiline,MUV,10
Force Motors,Traveller,VAN,14
Force Motors,Urbania,VAN,17
Force Motors,One,SUV,5
BMW,1 Series,HATCHBACK,5
BMW,2 Series Gran Coupe,SEDAN,5
BMW,2 Series Active Tourer,MPV,5
BMW,2 Series Coupe,COUPE,4
BMW,2 Series Convertible,CONVERTIBLE,4
BMW,3 Series,SEDAN,5
BMW,3 Series Gran Turismo,SEDAN,5
BMW,4 Series Coupe,COUPE,4
BMW,4 Series Convertible,CONVERTIBLE,4
BMW,4 Series Gran Coupe,SEDAN,5
BMW,5 Series,SEDAN,5
BMW,5 Series Touring,WAGON,5
BMW,6 Series Gran Turismo,SEDAN,5
BMW,6 Series Coupe,COUPE,4
BMW,6 Series Convertible,CONVERTIBLE,4
BMW,7 Series,SEDAN,5
BMW,8 Series Coupe,COUPE,4
BMW,8 Series Convertible,CONVERTIBLE,4
BMW,8 Series Gran Coupe,SEDAN,5
BMW,i3,HATCHBACK,4
BMW,i4,SEDAN,5
BMW,i5,SEDAN,5
BMW,i7,SEDAN,5
BMW,i8,COUPE,2
BMW,iX1,SUV,5
BMW,iX3,SUV,5
BMW,iX,SUV,5
BMW,X1,SUV,5
BMW,X2,SUV,5
BMW,X3,SUV,5
BMW,X3 M,SUV,5
BMW,X4,SUV,5
BMW,X4 M,SUV,5
BMW,X5,SUV,5
BMW,X5 M,SUV,5
BMW,X6,SUV,5
BMW,X6 M,SUV,5
BMW,X7,SUV,7
BMW,XM,SUV,5
BMW,Z4,CONVERTIBLE,2
BMW,M2,COUPE,4
BMW,M3,SEDAN,5
BMW,M4 Coupe,COUPE,4
BMW,M4 Convertible,CONVERTIBLE,4
BMW,M5,SEDAN,5
BMW,M8 Coupe,COUPE,4
BMW,M8 Convertible,CONVERTIBLE,4
BMW,M8 Gran Coupe,SEDAN,5